{
  "results": {
    "arc_challenge": {
      "acc,none": 0.37457337883959047,
      "acc_stderr,none": 0.01414419347189344,
      "acc_norm,none": 0.4035836177474403,
      "acc_norm_stderr,none": 0.014337158914268447
    },
    "arc_easy": {
      "acc,none": 0.7192760942760943,
      "acc_stderr,none": 0.009220526174711353,
      "acc_norm,none": 0.7196969696969697,
      "acc_norm_stderr,none": 0.009216306864088041
    },
    "boolq": {
      "acc,none": 0.6694189602446483,
      "acc_stderr,none": 0.008227739156121659
    },
    "hellaswag": {
      "acc,none": 0.48904600677155946,
      "acc_stderr,none": 0.0049885838203099185,
      "acc_norm,none": 0.6550487950607449,
      "acc_norm_stderr,none": 0.004743808792037855
    },
    "lambada_openai": {
      "perplexity,none": 4.757413961755731,
      "perplexity_stderr,none": 0.11748014516027318,
      "acc,none": 0.6487483019600233,
      "acc_stderr,none": 0.006650578225573465
    },
    "openbookqa": {
      "acc,none": 0.296,
      "acc_stderr,none": 0.020435342091896135,
      "acc_norm,none": 0.382,
      "acc_norm_stderr,none": 0.021750820591250837
    },
    "piqa": {
      "acc,none": 0.7725788900979326,
      "acc_stderr,none": 0.009779850767847252,
      "acc_norm,none": 0.7704026115342764,
      "acc_norm_stderr,none": 0.009812682950815181
    },
    "sciq": {
      "acc,none": 0.949,
      "acc_stderr,none": 0.006960420062571422,
      "acc_norm,none": 0.953,
      "acc_norm_stderr,none": 0.006695956678163039
    },
    "wikitext": {
      "word_perplexity,none": 18.198752319892222,
      "byte_perplexity,none": 1.6133334471336491,
      "bits_per_byte,none": 0.6900446485426469
    },
    "winogrande": {
      "acc,none": 0.6235201262825573,
      "acc_stderr,none": 0.013616931960667182
    }
  },
  "configs": {
    "arc_challenge": {
      "task": "arc_challenge",
      "group": [
        "ai2_arc",
        "multiple_choice"
      ],
      "dataset_path": "ai2_arc",
      "dataset_name": "ARC-Challenge",
      "training_split": "train",
      "validation_split": "validation",
      "test_split": "test",
      "doc_to_text": "Question: {{question}}\nAnswer:",
      "doc_to_target": "{{choices.label.index(answerKey)}}",
      "doc_to_choice": "{{choices.text}}",
      "description": "",
      "target_delimiter": " ",
      "fewshot_delimiter": "\n\n",
      "num_fewshot": 5,
      "metric_list": [
        {
          "metric": "acc",
          "aggregation": "mean",
          "higher_is_better": true
        },
        {
          "metric": "acc_norm",
          "aggregation": "mean",
          "higher_is_better": true
        }
      ],
      "output_type": "multiple_choice",
      "repeats": 1,
      "should_decontaminate": true,
      "doc_to_decontamination_query": "Question: {{question}}\nAnswer:"
    },
    "arc_easy": {
      "task": "arc_easy",
      "group": [
        "ai2_arc",
        "multiple_choice"
      ],
      "dataset_path": "ai2_arc",
      "dataset_name": "ARC-Easy",
      "training_split": "train",
      "validation_split": "validation",
      "test_split": "test",
      "doc_to_text": "Question: {{question}}\nAnswer:",
      "doc_to_target": "{{choices.label.index(answerKey)}}",
      "doc_to_choice": "{{choices.text}}",
      "description": "",
      "target_delimiter": " ",
      "fewshot_delimiter": "\n\n",
      "num_fewshot": 5,
      "metric_list": [
        {
          "metric": "acc",
          "aggregation": "mean",
          "higher_is_better": true
        },
        {
          "metric": "acc_norm",
          "aggregation": "mean",
          "higher_is_better": true
        }
      ],
      "output_type": "multiple_choice",
      "repeats": 1,
      "should_decontaminate": true,
      "doc_to_decontamination_query": "Question: {{question}}\nAnswer:"
    },
    "boolq": {
      "task": "boolq",
      "group": [
        "super-glue-lm-eval-v1"
      ],
      "dataset_path": "super_glue",
      "dataset_name": "boolq",
      "training_split": "train",
      "validation_split": "validation",
      "doc_to_text": "{{passage}}\nQuestion: {{question}}?\nAnswer:",
      "doc_to_target": "label",
      "doc_to_choice": [
        "no",
        "yes"
      ],
      "description": "",
      "target_delimiter": " ",
      "fewshot_delimiter": "\n\n",
      "num_fewshot": 5,
      "metric_list": [
        {
          "metric": "acc"
        }
      ],
      "output_type": "multiple_choice",
      "repeats": 1,
      "should_decontaminate": true,
      "doc_to_decontamination_query": "passage"
    },
    "hellaswag": {
      "task": "hellaswag",
      "group": [
        "multiple_choice"
      ],
      "dataset_path": "hellaswag",
      "training_split": "train",
      "validation_split": "validation",
      "doc_to_text": "{% set text = activity_label ~ ': ' ~ ctx_a ~ ' ' ~ ctx_b.capitalize() %}{{text|trim|replace(' [title]', '. ')|regex_replace('\\[.*?\\]', '')|replace('  ', ' ')}}",
      "doc_to_target": "{{label}}",
      "doc_to_choice": "{{endings|map('trim')|map('replace', ' [title]', '. ')|map('regex_replace', '\\[.*?\\]', '')|map('replace', '  ', ' ')|list}}",
      "description": "",
      "target_delimiter": " ",
      "fewshot_delimiter": "\n\n",
      "num_fewshot": 5,
      "metric_list": [
        {
          "metric": "acc",
          "aggregation": "mean",
          "higher_is_better": true
        },
        {
          "metric": "acc_norm",
          "aggregation": "mean",
          "higher_is_better": true
        }
      ],
      "output_type": "multiple_choice",
      "repeats": 1,
      "should_decontaminate": false
    },
    "lambada_openai": {
      "task": "lambada_openai",
      "group": [
        "lambada",
        "loglikelihood",
        "perplexity"
      ],
      "dataset_path": "EleutherAI/lambada_openai",
      "dataset_name": "default",
      "test_split": "test",
      "doc_to_text": "{{text.split(' ')[:-1]|join(' ')}}",
      "doc_to_target": "{{' '+text.split(' ')[-1]}}",
      "description": "",
      "target_delimiter": " ",
      "fewshot_delimiter": "\n\n",
      "num_fewshot": 5,
      "metric_list": [
        {
          "metric": "perplexity",
          "aggregation": "perplexity",
          "higher_is_better": false
        },
        {
          "metric": "acc",
          "aggregation": "mean",
          "higher_is_better": true
        }
      ],
      "output_type": "loglikelihood",
      "repeats": 1,
      "should_decontaminate": true,
      "doc_to_decontamination_query": "{{text}}"
    },
    "openbookqa": {
      "task": "openbookqa",
      "group": [
        "multiple_choice"
      ],
      "dataset_path": "openbookqa",
      "dataset_name": "main",
      "training_split": "train",
      "validation_split": "validation",
      "test_split": "test",
      "doc_to_text": "question_stem",
      "doc_to_target": "{{choices.label.index(answerKey.lstrip())}}",
      "doc_to_choice": "{{choices.text}}",
      "description": "",
      "target_delimiter": " ",
      "fewshot_delimiter": "\n\n",
      "num_fewshot": 5,
      "metric_list": [
        {
          "metric": "acc",
          "aggregation": "mean",
          "higher_is_better": true
        },
        {
          "metric": "acc_norm",
          "aggregation": "mean",
          "higher_is_better": true
        }
      ],
      "output_type": "multiple_choice",
      "repeats": 1,
      "should_decontaminate": true,
      "doc_to_decontamination_query": "question_stem"
    },
    "piqa": {
      "task": "piqa",
      "group": [
        "multiple_choice"
      ],
      "dataset_path": "piqa",
      "training_split": "train",
      "validation_split": "validation",
      "doc_to_text": "Question: {{goal}}\nAnswer:",
      "doc_to_target": "label",
      "doc_to_choice": "{{[sol1, sol2]}}",
      "description": "",
      "target_delimiter": " ",
      "fewshot_delimiter": "\n\n",
      "num_fewshot": 5,