{
  "results": {
    "arc_challenge": {
      "acc,none": 0.3122866894197952,
      "acc_stderr,none": 0.013542598541688065,
      "acc_norm,none": 0.35494880546075086,
      "acc_norm_stderr,none": 0.01398303690409409
    },
    "arc_easy": {
      "acc,none": 0.67003367003367,
      "acc_stderr,none": 0.009648311574241036,
      "acc_norm,none": 0.6759259259259259,
      "acc_norm_stderr,none": 0.009603728850095387
    },
    "boolq": {
      "acc,none": 0.6663608562691131,
      "acc_stderr,none": 0.008246805985556868
    },
    "hellaswag": {
      "acc,none": 0.450408285202151,
      "acc_stderr,none": 0.0049651776330499236,
      "acc_norm,none": 0.6030671181039634,
      "acc_norm_stderr,none": 0.0048826194841666
    },
    "lambada_openai": {
      "perplexity,none": 6.447861085824152,
      "perplexity_stderr,none": 0.16023935097204245,
      "acc,none": 0.5947991461284688,
      "acc_stderr,none": 0.0068396269826581525
    },
    "openbookqa": {
      "acc,none": 0.248,
      "acc_stderr,none": 0.019332342821239103,
      "acc_norm,none": 0.372,
      "acc_norm_stderr,none": 0.0216371979857224
    },
    "piqa": {
      "acc,none": 0.7426550598476604,
      "acc_stderr,none": 0.01019992106479251,
      "acc_norm,none": 0.7442872687704026,
      "acc_norm_stderr,none": 0.010178690109459857
    },
    "sciq": {
      "acc,none": 0.944,
      "acc_stderr,none": 0.007274401481697066,
      "acc_norm,none": 0.94,
      "acc_norm_stderr,none": 0.007513751157474921
    },
    "wikitext": {
      "word_perplexity,none": 20.05713713364702,
      "byte_perplexity,none": 1.6394022363791052,
      "bits_per_byte,none": 0.7131698710530711
    },
    "winogrande": {
      "acc,none": 0.5943172849250198,
      "acc_stderr,none": 0.013800206336014201
    }
  },
  "configs": {
    "arc_challenge": {
      "task": "arc_challenge",
      "group": [
        "ai2_arc",
        "multiple_choice"
      ],
      "dataset_path": "ai2_arc",
      "dataset_name": "ARC-Challenge",
      "training_split": "train",
      "validation_split": "validation",
      "test_split": "test",
      "doc_to_text": "Question: {{question}}\nAnswer:",
      "doc_to_target": "{{choices.label.index(answerKey)}}",
      "doc_to_choice": "{{choices.text}}",
      "description": "",
      "target_delimiter": " ",
      "fewshot_delimiter": "\n\n",
      "num_fewshot": 5,
      "metric_list": [
        {
          "metric": "acc",
          "aggregation": "mean",
          "higher_is_better": true
        },
        {
          "metric": "acc_norm",
          "aggregation": "mean",
          "higher_is_better": true
        }
      ],
      "output_type": "multiple_choice",
      "repeats": 1,
      "should_decontaminate": true,
      "doc_to_decontamination_query": "Question: {{question}}\nAnswer:"
    },
    "arc_easy": {
      "task": "arc_easy",
      "group": [
        "ai2_arc",
        "multiple_choice"
      ],
      "dataset_path": "ai2_arc",
      "dataset_name": "ARC-Easy",
      "training_split": "train",
      "validation_split": "validation",
      "test_split": "test",
      "doc_to_text": "Question: {{question}}\nAnswer:",
      "doc_to_target": "{{choices.label.index(answerKey)}}",
      "doc_to_choice": "{{choices.text}}",
      "description": "",
      "target_delimiter": " ",
      "fewshot_delimiter": "\n\n",
      "num_fewshot": 5,
      "metric_list": [
        {
          "metric": "acc",
          "aggregation": "mean",
          "higher_is_better": true
        },
        {
          "metric": "acc_norm",
          "aggregation": "mean",
          "higher_is_better": true
        }
      ],
      "output_type": "multiple_choice",
      "repeats": 1,
      "should_decontaminate": true,
      "doc_to_decontamination_query": "Question: {{question}}\nAnswer:"
    },
    "boolq": {
      "task": "boolq",
      "group": [
        "super-glue-lm-eval-v1"
      ],
      "dataset_path": "super_glue",
      "dataset_name": "boolq",
      "training_split": "train",
      "validation_split": "validation",
      "doc_to_text": "{{passage}}\nQuestion: {{question}}?\nAnswer:",
      "doc_to_target": "label",
      "doc_to_choice": [
        "no",
        "yes"
      ],
      "description": "",
      "target_delimiter": " ",
      "fewshot_delimiter": "\n\n",
      "num_fewshot": 5,
      "metric_list": [
        {
          "metric": "acc"
        }
      ],
      "output_type": "multiple_choice",
      "repeats": 1,
      "should_decontaminate": true,
      "doc_to_decontamination_query": "passage"
    },
    "hellaswag": {
      "task": "hellaswag",
      "group": [
        "multiple_choice"
      ],
      "dataset_path": "hellaswag",
      "training_split": "train",
      "validation_split": "validation",
      "doc_to_text": "{% set text = activity_label ~ ': ' ~ ctx_a ~ ' ' ~ ctx_b.capitalize() %}{{text|trim|replace(' [title]', '. ')|regex_replace('\\[.*?\\]', '')|replace('  ', ' ')}}",
      "doc_to_target": "{{label}}",
      "doc_to_choice": "{{endings|map('trim')|map('replace', ' [title]', '. ')|map('regex_replace', '\\[.*?\\]', '')|map('replace', '  ', ' ')|list}}",
      "description": "",
      "target_delimiter": " ",
      "fewshot_delimiter": "\n\n",
      "num_fewshot": 5,
      "metric_list": [
        {
          "metric": "acc",
          "aggregation": "mean",
          "higher_is_better": true
        },
        {
          "metric": "acc_norm",
          "aggregation": "mean",
          "higher_is_better": true
        }
      ],
      "output_type": "multiple_choice",
      "repeats": 1,
      "should_decontaminate": false
    },
    "lambada_openai": {
      "task": "lambada_openai",
      "group": [
        "lambada",
        "loglikelihood",
        "perplexity"
      ],
      "dataset_path": "EleutherAI/lambada_openai",
      "dataset_name": "default",
      "test_split": "test",
      "doc_to_text": "{{text.split(' ')[:-1]|join(' ')}}",
      "doc_to_target": "{{' '+text.split(' ')[-1]}}",
      "description": "",
      "target_delimiter": " ",
      "fewshot_delimiter": "\n\n",
      "num_fewshot": 5,
      "metric_list": [
        {
          "metric": "perplexity",
          "aggregation": "perplexity",
          "higher_is_better": false
        },
        {
          "metric": "acc",
          "aggregation": "mean",
          "higher_is_better": true
        }
      ],
      "output_type": "loglikelihood",
      "repeats": 1,
      "should_decontaminate": true,
      "doc_to_decontamination_query": "{{text}}"
    },
    "openbookqa": {
      "task": "openbookqa",
      "group": [
        "multiple_choice"
      ],
      "dataset_path": "openbookqa",
      "dataset_name": "main",
      "training_split": "train",
      "validation_split": "validation",
      "test_split": "test",
      "doc_to_text": "question_stem",
      "doc_to_target": "{{choices.label.index(answerKey.lstrip())}}",
      "doc_to_choice": "{{choices.text}}",
      "description": "",
      "target_delimiter": " ",
      "fewshot_delimiter": "\n\n",
      "num_fewshot": 5,
      "metric_list": [
        {
          "metric": "acc",
          "aggregation": "mean",
          "higher_is_better": true
        },
        {
          "metric": "acc_norm",
          "aggregation": "mean",
          "higher_is_better": true
        }
      ],
      "output_type": "multiple_choice",
      "repeats": 1,
      "should_decontaminate": true,
      "doc_to_decontamination_query": "question_stem"
    },
    "piqa": {
      "task": "piqa",
      "group": [
        "multiple_choice"
      ],
      "dataset_path": "piqa",
      "training_split": "train",
      "validation_split": "validation",
      "doc_to_text": "Question: {{goal}}\nAnswer:",
      "doc_to_target": "label",
      "doc_to_choice": "{{[sol1, sol2]}}",
      "description": "",
      "target_delimiter": " ",
      "fewshot_delimiter": "\n\n",
      "num_fewshot": 5,
      "metric_list": [
        {
          "metric": "acc",