{
  "results": {
    "arc_challenge": {
      "acc,none": 0.19283276450511946,
      "acc_stderr,none": 0.01152905546566333,
      "acc_norm,none": 0.24488054607508533,
      "acc_norm_stderr,none": 0.012566273985131358
    },
    "arc_easy": {
      "acc,none": 0.4671717171717172,
      "acc_stderr,none": 0.010237645778853858,
      "acc_norm,none": 0.4132996632996633,
      "acc_norm_stderr,none": 0.010104361780747516
    },
    "boolq": {
      "acc,none": 0.6149847094801223,
      "acc_stderr,none": 0.00851066875102728
    },
    "hellaswag": {
      "acc,none": 0.28958374825731925,
      "acc_stderr,none": 0.004526422125860652,
      "acc_norm,none": 0.3016331408086039,
      "acc_norm_stderr,none": 0.004580288728196038
    },
    "lambada_openai": {
      "perplexity,none": 40.49750927655119,
      "perplexity_stderr,none": 1.9470980651595484,
      "acc,none": 0.35066951290510384,
      "acc_stderr,none": 0.006648045374603881
    },
    "openbookqa": {
      "acc,none": 0.172,
      "acc_stderr,none": 0.01689386887634748,
      "acc_norm,none": 0.28,
      "acc_norm_stderr,none": 0.020099950647503237
    },
    "piqa": {
      "acc,none": 0.6332970620239391,
      "acc_stderr,none": 0.011243625019038255,
      "acc_norm,none": 0.6262241566920566,
      "acc_norm_stderr,none": 0.011287972563201014
    },
    "sciq": {
      "acc,none": 0.753,
      "acc_stderr,none": 0.013644675781314128,
      "acc_norm,none": 0.67,
      "acc_norm_stderr,none": 0.014876872027456732
    },
    "wikitext": {
      "word_perplexity,none": 75.24993841350984,
      "byte_perplexity,none": 2.0386909133746456,
      "bits_per_byte,none": 1.0276430644458452
    },
    "winogrande": {
      "acc,none": 0.5138121546961326,
      "acc_stderr,none": 0.014047122916440419
    }
  },
  "configs": {
    "arc_challenge": {
      "task": "arc_challenge",
      "group": [
        "ai2_arc",
        "multiple_choice"
      ],
      "dataset_path": "ai2_arc",
      "dataset_name": "ARC-Challenge",
      "training_split": "train",
      "validation_split": "validation",
      "test_split": "test",
      "doc_to_text": "Question: {{question}}\nAnswer:",
      "doc_to_target": "{{choices.label.index(answerKey)}}",
      "doc_to_choice": "{{choices.text}}",
      "description": "",
      "target_delimiter": " ",
      "fewshot_delimiter": "\n\n",
      "num_fewshot": 0,
      "metric_list": [
        {
          "metric": "acc",
          "aggregation": "mean",
          "higher_is_better": true
        },
        {
          "metric": "acc_norm",
          "aggregation": "mean",
          "higher_is_better": true
        }
      ],
      "output_type": "multiple_choice",
      "repeats": 1,
      "should_decontaminate": true,
      "doc_to_decontamination_query": "Question: {{question}}\nAnswer:"
    },
    "arc_easy": {
      "task": "arc_easy",
      "group": [
        "ai2_arc",
        "multiple_choice"
      ],
      "dataset_path": "ai2_arc",
      "dataset_name": "ARC-Easy",
      "training_split": "train",
      "validation_split": "validation",
      "test_split": "test",
      "doc_to_text": "Question: {{question}}\nAnswer:",
      "doc_to_target": "{{choices.label.index(answerKey)}}",
      "doc_to_choice": "{{choices.text}}",
      "description": "",
      "target_delimiter": " ",
      "fewshot_delimiter": "\n\n",
      "num_fewshot": 0,
      "metric_list": [
        {
          "metric": "acc",
          "aggregation": "mean",
          "higher_is_better": true
        },
        {
          "metric": "acc_norm",
          "aggregation": "mean",
          "higher_is_better": true
        }
      ],
      "output_type": "multiple_choice",
      "repeats": 1,
      "should_decontaminate": true,
      "doc_to_decontamination_query": "Question: {{question}}\nAnswer:"
    },
    "boolq": {
      "task": "boolq",
      "group": [
        "super-glue-lm-eval-v1"
      ],
      "dataset_path": "super_glue",
      "dataset_name": "boolq",
      "training_split": "train",
      "validation_split": "validation",
      "doc_to_text": "{{passage}}\nQuestion: {{question}}?\nAnswer:",
      "doc_to_target": "label",
      "doc_to_choice": [
        "no",
        "yes"
      ],
      "description": "",
      "target_delimiter": " ",
      "fewshot_delimiter": "\n\n",
      "num_fewshot": 0,
      "metric_list": [
        {
          "metric": "acc"
        }
      ],
      "output_type": "multiple_choice",
      "repeats": 1,
      "should_decontaminate": true,
      "doc_to_decontamination_query": "passage"
    },
    "hellaswag": {
      "task": "hellaswag",
      "group": [
        "multiple_choice"
      ],
      "dataset_path": "hellaswag",
      "training_split": "train",
      "validation_split": "validation",
      "doc_to_text": "{% set text = activity_label ~ ': ' ~ ctx_a ~ ' ' ~ ctx_b.capitalize() %}{{text|trim|replace(' [title]', '. ')|regex_replace('\\[.*?\\]', '')|replace('  ', ' ')}}",
      "doc_to_target": "{{label}}",
      "doc_to_choice": "{{endings|map('trim')|map('replace', ' [title]', '. ')|map('regex_replace', '\\[.*?\\]', '')|map('replace', '  ', ' ')|list}}",
      "description": "",
      "target_delimiter": " ",
      "fewshot_delimiter": "\n\n",
      "num_fewshot": 0,
      "metric_list": [
        {
          "metric": "acc",
          "aggregation": "mean",
          "higher_is_better": true
        },
        {
          "metric": "acc_norm",
          "aggregation": "mean",
          "higher_is_better": true
        }
      ],
      "output_type": "multiple_choice",
      "repeats": 1,
      "should_decontaminate": false
    },
    "lambada_openai": {
      "task": "lambada_openai",
      "group": [
        "lambada",
        "loglikelihood",
        "perplexity"
      ],
      "dataset_path": "EleutherAI/lambada_openai",
      "dataset_name": "default",
      "test_split": "test",
      "template_aliases": "",
      "doc_to_text": "{{text.split(' ')[:-1]|join(' ')}}",
      "doc_to_target": "{{' '+text.split(' ')[-1]}}",
      "description": "",
      "target_delimiter": " ",
      "fewshot_delimiter": "\n\n",
      "num_fewshot": 0,
      "metric_list": [
        {
          "metric": "perplexity",
          "aggregation": "perplexity",
          "higher_is_better": false
        },
        {
          "metric": "acc",
          "aggregation": "mean",
          "higher_is_better": true
        }
      ],
      "output_type": "loglikelihood",
      "repeats": 1,
      "should_decontaminate": true,
      "doc_to_decontamination_query": "{{text}}"
    },
    "openbookqa": {
      "task": "openbookqa",
      "group": [
        "multiple_choice"
      ],
      "dataset_path": "openbookqa",
      "dataset_name": "main",
      "training_split": "train",
      "validation_split": "validation",
      "test_split": "test",
      "doc_to_text": "question_stem",
      "doc_to_target": "{{choices.label.index(answerKey.lstrip())}}",
      "doc_to_choice": "{{choices.text}}",
      "description": "",
      "target_delimiter": " ",
      "fewshot_delimiter": "\n\n",
      "num_fewshot": 0,
      "metric_list": [
        {
          "metric": "acc",
          "aggregation": "mean",
          "higher_is_better": true
        },
        {
          "metric": "acc_norm",
          "aggregation": "mean",
          "higher_is_better": true
        }
      ],
      "output_type": "multiple_choice",
      "repeats": 1,
      "should_decontaminate": true,
      "doc_to_decontamination_query": "question_stem"
    },
    "piqa": {
      "task": "piqa",
      "group": [
        "multiple_choice"
      ],
      "dataset_path": "piqa",
      "training_split": "train",
      "validation_split": "validation",
      "doc_to_text": "Question: {{goal}}\nAnswer:",
      "doc_to_target": "label",
      "doc_to_choice": "{{[sol1, sol2]}}",
      "description": "",
      "target_delimiter": " ",
      "fewshot_delimiter": "\n\n",
      "num_fewshot": 0,